{"cameraMode":{"drawMode":0,"name":"Shaded","section":"Shading Mode"},"sceneLighting":false,"audioPlay":false,"sceneViewState":{"m_AlwaysRefresh":true,"showFog":true,"showSkybox":false,"showFlares":true,"showImageEffects":true,"showParticleSystems":true,"showVisualEffectGraphs":true,"m_FxEnabled":true},"in2DMode":false,"pivot":{"x":0.02950677089393139,"y":1.297868251800537,"z":0.5785565972328186},"rotation":{"x":-0.28757527470588686,"y":0.37475407123565676,"z":-0.1234779953956604,"w":-0.8727152347564697},"size":7.862581253051758,"orthographic":false}